,datetime,text
19,2022-06-06 02:31:33,"613551JUVENTUSJUVENTUS JUVENTUS 5005 1050SSR5
6316:00 7115:59
50SSR (NEXT DREAM)
6316:00 7115:59
JUVENTUS 3SSR15SSR1STEP5STEP1SPLv.10JUVENTUS JUVENTUS JUVENTUS JUVENTUS 
6316:00 7123:59
15 10
… [+878 chars]"
18,2022-06-06 02:36:26,"By Deepa Lakshmin
On the red carpet ahead of the 2022 MTV Movie &amp; TV Awards Sunday (June 5), Euphoria star Sydney Sweeney was hoping the series gets a bunch of love, and she got her wish. The HB… [+1818 chars]"
17,2022-06-06 02:45:00,"A four-day week with no loss of pay is being trialled at dozens of companies across the UK from today.
Firms from a variety of industries are taking part, including banking, hospitality, care, and e… [+1912 chars]"
16,2022-06-06 02:49:24,"GOLDSBORO, N.C. Law enforcement agencies in the Goldsboro area are actively searching for a shooter they say wounded someone at a hospital Sunday night.
NBC affiliate WRAL-TV reports the Wayne Memor… [+2002 chars]"
15,2022-06-06 02:59:23,"Apples annual developer conference WWDC 2022 starts later today (June 6) with the company expected to make a a number of announcements during the keynote. This will include the new iOS 16, iPadOS 16,… [+2113 chars]"
14,2022-06-06 03:08:03,"With Apples M2 MacBook Air expected to get announced at the companys WWDC 2022 keynote, one analyst shares how many shipments the portable Mac could attain by the end of the year, assuming the supply… [+1771 chars]"
13,2022-06-06 03:11:04,"American technology giant Apple Inc is set to kick off its annual worldwide developers conference (WWDC) on Monday at 10:30 pm (IST). Officially called the WWDC22, the event will start with a keynote… [+2743 chars]"
12,2022-06-06 03:30:33,"From: xueyuan &lt;xueyuan@w3.org&gt;
Date: Mon, 6 Jun 2022 11:30:33 +0800Message-ID: &lt;7601143c-e520-0202-fc87-cd2789def06b@w3.org&gt;
To: public-html@w3.org
Dear Members of the HTML Working Gro… [+2832 chars]"
11,2022-06-06 03:41:43,"SecretAgentWoman:""I'm quite sure, since this is a pub and grill and it is late at night, that there are quite a few people who were here that left the scene because they didn't want to get involved,""… [+639 chars]"
10,2022-06-06 04:00:25,The Fine Print: The following comments are owned by whoever posted them. We are not responsible for them in any way.
9,2022-06-06 04:00:33,"Good morning, Quartz readers!
Heres what you need to know
Russia attacked Kyiv. It said the airstrikes were targeting Western military supplies for Ukraine. President Vladimir Putin also warned the… [+4855 chars]"
8,2022-06-06 04:00:53,"Apple might not launch a new M2 MacBook Pro at WWDC 2022. According to a new report, the new MacBook Pro M2 with a 13-inch display has been potentially delayed beyond WWDC 2022. The update comes with… [+1495 chars]"
7,2022-06-06 04:01:54,"As part of its enforcement activities, the Food and Drug Administration sends warning letters to entities under its jurisdiction. Some letters are not posted for public view until weeks or months aft… [+9417 chars]"
6,2022-06-06 04:04:20,"The financial services business, including banking institutions, fintechs, big techs, digital platforms and other providers may be heading towards an overall industry structure that looks like a barb… [+7949 chars]"
5,2022-06-06 04:08:51,"It's Monday, and you knw what that means: time for another game of Heardle.
getty
Happy Monday, and happy WWDC to all the Apple fans out there. While theyre waiting to find out what features are co… [+2365 chars]"
4,2022-06-06 04:18:11,"They were recently reunited in New York City after spending time apart.
And Matildas captain Samantha Kerr and her American soccer star girlfriend Kristie Mews couldn't get enough of each other as t… [+3024 chars]"
3,2022-06-06 04:21:30,"Quordle
NurPhoto via Getty Images
Happy Monday! Today is, apparently, national drive-in movie day, which made me remember I have never been to a drive-in movie theater. I should definitely do that.… [+1964 chars]"
2,2022-06-06 04:30:22,"TAIPEI : Taiwan's exports likely rose for the 23rd straight month in May but more slowly than in April, hit by pandemic-control lockdowns in China and effects of the war in Ukraine, a Reuters poll sh… [+1009 chars]"
1,2022-06-06 04:32:31,"The Tesla Inc (NASDAQ: TSLA) share price has had a tough time in US markets lately.
The global giant’s shares plummeted 9% to $703.55 on the NASDAQ on Friday. In after hours trade, the company’s sha… [+1660 chars]"
0,2022-06-06 04:35:16,"Apple's big keynote will start at 10.30 pm IST. The focus will be around software. According to Bloomberg, Apple will introduce some key features for iOS 16, including the ability to customise the lo… [+1220 chars]"
